"","count","user.id","user.login","user.name","observation_count"
"1",23748,205278,"ajwright","Alex Wright",NA
"2",16532,1144630,"cosmopterix","Mike Palmer",385
"3",10651,1122352,"augustjackson","August Jackson",NA
"4",9985,51247,"samleininger","Sam Leininger",NA
"5",9950,5408214,"humblerootsdrew","Andrew Merritt",NA
"6",7818,3908595,"rynxs","Ryan Sorrells",194
"7",6253,1781642,"calebcatto","Caleb Catto",NA
"8",5839,781032,"morganstickrod","Morgan Stickrod",309
"9",4949,2626695,"brothernorbert","Norbert Sauberer",NA
"10",4590,4311882,"vlohr","V. Lohr",NA
"11",4556,2116455,"davidenrique","David",NA
"12",4529,26905,"polemoniaceae","Jeff",NA
"13",4452,704271,"stewartwechsler","Stewart Wechsler",NA
"14",4198,1056080,"csledge","Chantel",NA
"15",4186,5231239,"frondsinhighplaces","Timothy McNitt",NA
"16",3460,264586,"adrienne_stclair","Adrienne Basey St. Clair (she/her)",201
"17",3434,766577,"wojciech","",NA
"18",3382,19073,"choess","Chris Hoess",NA
"19",3021,17695,"graysquirrel","Krissa Klein",NA
"20",2863,1168695,"trscavo","Tom Scavo",NA
"21",2690,1344503,"superluminal","Soumil",NA
"22",2616,726060,"albach","",NA
"23",2600,1027806,"kalelevin","Kale",NA
"24",2591,5260133,"yuri_pirogov","Yuri Pirogov",NA
"25",2578,2177727,"williambee","William Bee",NA
"26",2547,120940,"lallen","",NA
"27",2472,1368710,"lilyboy","JoeJoe Clark",NA
"28",2470,113689,"rupertclayton","Rupert Clayton",NA
"29",2399,4315664,"egordon88","Elliott Gordon",NA
"30",2327,2617075,"joedziewa","joe dziewa",NA
"31",2181,12636,"markegger","Mark Egger",NA
"32",2012,2554773,"alex_iosipenko","Alexander Iosipenko",NA
"33",1971,175837,"tsn","Tom Norton",NA
"34",1923,250191,"arethusa","",NA
"35",1852,2565401,"spinescence","",NA
"36",1825,71824,"laurence","Laurence Hill",NA
"37",1796,1553539,"tobiaspolicha","Tobias Policha",387
"38",1774,2094499,"jim_keesling","",NA
"39",1770,2899829,"catullus","Nicholas Wei",NA
"40",1721,3293472,"tsuga_homophylla","Patrick",215
"41",1686,4024404,"night-owl-naturals","night owl naturals",208
"42",1591,1569483,"pennywort_man","",NA
"43",1577,2567033,"jasonhernandez74","Jason Hernandez",NA
"44",1518,984355,"wini56","Erwin JÖRG",NA
"45",1482,2509089,"reodell","Ryan O'Dell",NA
"46",1480,41234,"grnleaf","Leah Gardner",NA
"47",1473,187985,"elaineoregon","",NA
"48",1444,4249652,"picklejar","",NA
"49",1441,435874,"cwarneke","cwarneke",NA
"50",1409,1254600,"afid","",NA
"51",1372,754260,"ellenwatrous","Ellen Watrous",499
"52",1347,155822,"jdjohnson","Janel Johnson",NA
"53",1301,515581,"kweitemier","",NA
"54",1284,1816805,"peterzika","Peter Zika",277
"55",1261,5380121,"dogwoodvalley","",NA
"56",1243,2851679,"moritz3","Moritz",NA
"57",1190,2862231,"otes","",283
"58",1189,6443047,"baccharisbacchanal","Olivia",NA
"59",1185,70814,"jkierstead","Julie Ann Kierstead",NA
"60",1157,620642,"aspidoscelis","Patrick Alexander",NA
"61",1144,3304841,"ab_orchid","",NA
"62",1124,7000714,"lisamillbank","",NA
"63",1105,39713,"erwin_pteridophilos","Erwin Gruber",NA
"64",1082,7282696,"gtasaints","",NA
"65",1081,677256,"alanhorstmann","Alan Horstmann",NA
"66",1061,2209598,"jfgaskin","John Gaskin",NA
"67",1060,6114174,"jared_lincenberg","Jared Lincenberg",NA
"68",1044,2987037,"grigorenko","",NA
"69",1041,2001523,"aroe","Aaron Roe",NA
"70",1029,59233,"kai_schablewski","Kai-Philipp Schablewski",NA
"71",1020,4751451,"wildskyflower","Matthew",NA
"72",1018,4449395,"w-pearce-plants","Will Pearce",NA
"73",1010,8641,"brewbooks","John Brew",NA
"74",994,1293450,"conboy","Andrew Conboy",NA
"75",987,2792059,"helianthelsa","",NA
"76",986,24570,"jeff_lesh","Jeff Lesh",198
"77",986,4332957,"zakronia","Zach Tzinski",NA
"78",983,755672,"ddennism","Daniel McClosky",NA
"79",952,51061,"jdmore","Jim Morefield",NA
"80",949,4293734,"plantperson7654","",NA
"81",928,43815,"nathantaylor","Nathan Taylor",NA
"82",918,726055,"riley_frasier","Riley Frasier",NA
"83",913,139187,"glezah","Heriberto Ávila-González",NA
"84",911,2282061,"oregonnaturalist13","Ritch Pope",NA
"85",911,3892874,"mjpapay","Michael J. Papay",NA
"86",906,1020162,"lotteryd","Lottery Discountz",NA
"87",895,1962893,"sue1001","Sue",NA
"88",864,1304001,"maryah","",NA
"89",858,3231465,"string_of_nature","Tyson Hobbs",NA
"90",855,268295,"mary_johnson","",NA
"91",848,1030528,"matthias55","Matt Schultz",NA
"92",848,1604531,"squamatic","",NA
"93",844,786140,"jakob_rowny","Jakob Rowny",NA
"94",841,3191925,"radoslawpuchalka","Radosław Puchałka",NA
"95",840,3813240,"goosiaczek","Małgorzata Śliż",NA
"96",825,5697546,"tephra_bates","Tephra Bates",365
"97",798,3277351,"weekend","",NA
"98",784,1594618,"rherold","Roy",NA
"99",780,3064171,"fernsibley","Fern",411
"100",779,438488,"alisonnorthup","Alison Northup",NA
"101",755,4303576,"macasado","Miguel A. Casado",NA
"102",744,703773,"lincolndurey","Lincoln Durey",NA
"103",735,1927245,"andrewtree","Andrew Tree",NA
"104",735,2435044,"igor_kuzmin","Igor Kuzmin",NA
"105",717,406958,"melanielinkperez","Melanie Link-Perez",NA
"106",717,2276183,"buck_fievre","Team Buck Fievre",NA
"107",715,2449414,"jamesgrasstoucher","James Hershiser",399
"108",703,250566,"else","",NA
"109",688,5852081,"brynac","Bryn Callie",NA
"110",668,4420732,"timzitnak","Tim Zitnak",NA
"111",664,1290057,"ronhalvy","Ron Halvorson",NA
"112",650,5781777,"ocotillo","",NA
"113",647,153985,"txlorax","Larry Thornton",NA
"114",634,5132689,"josiegraydon","Josie Graydon",NA
"115",629,730243,"winterwren22","",204
"116",606,440899,"bethanymckenzie","Bethany Mckenzie",394
"117",603,3069264,"janebp","",NA
"118",602,2163846,"davecarmean","Dave Carmean",NA
"119",599,1881456,"onyxrat","",NA
"120",597,155345,"collinst","Turner Collins",NA
"121",595,3951996,"sea-bird","T. Bird",NA
"122",592,442615,"roomthily","",NA
"123",592,4636608,"buckeye_chestnut","",NA
"124",591,4167602,"oceanf","Ocean Fleskes",NA
"125",590,3861704,"edwardcope","Edward Cope",NA
"126",587,59227,"lisa_bennett","Lisa Bennett",NA
"127",584,1158723,"someplant","Luka S. (someplant)",NA
"128",583,2438113,"pastabaum","Patrick Hacker",NA
"129",582,1475331,"radekwalkowiak","Radek Walkowiak",NA
"130",576,5581844,"aprhersey","April Hersey",NA
"131",570,1431994,"borisbolshakov","Boris Bolshakov",NA
"132",569,692910,"anthocyana","Hayley",NA
"133",564,824813,"aimlow_flyhigh","Dētto",424
"134",553,179103,"catchang","Cat Chang",NA
"135",543,414707,"tmessick","Tim Messick",NA
"136",528,3638742,"jf920","",NA
"137",516,174129,"jackw","Jack W. Booth",NA
"138",514,601660,"edaphic","S",NA
"139",505,2564864,"plachuff","Peter L Achuff",NA
"140",492,1020372,"citizen1","",NA
"141",492,1687176,"karl65","Karl Anderson",NA
"142",473,143067,"philipwoodscc","Philip Woods",NA
"143",470,1909106,"astra_the_dragon","Astra",NA
"144",466,3867219,"meadmal","Mallory Mead",NA
"145",458,317500,"davidcbailey","David C. Bailey",227
"146",457,5869216,"emily2934","Emily Sanders",NA
"147",456,3923775,"season_of_sticks","Ash Gill",410
"148",455,17521,"chauncey","Chauncey",NA
"149",454,385459,"crothfels","",NA
"150",452,300689,"ewrunn1ng","Eric Running",NA
"151",447,1365659,"yuriydanilevsky","Юрий Данилевский (Yuriy Danilevsky)",NA
"152",444,1079214,"je9h","",NA
"153",443,1895790,"wthompson23","W. Thompson",NA
"154",442,3905711,"dyokana","Davis Yokana",NA
"155",438,3812213,"jbmorefield","",NA
"156",435,2404803,"esummerbell","Emily Summerbell",NA
"157",434,124655,"beth_oda","Beth Myers-Shenai",NA
"158",434,1111376,"animalview29","",NA
"159",428,8815,"evergreengirl","T Lasswell",264
"160",423,7172400,"avagad","Avagad",NA
"161",418,1094975,"jhorthos","James H. Thomas",323
"162",416,529594,"kjirsten","Kjirsten Wayman",NA
"163",410,186163,"jasonrgrant","Jason Grant",NA
"164",410,4031302,"stevegalic","Steve G",NA
"165",408,163506,"space_coyote","Harry Podschwit",NA
"166",408,2702278,"isaacklementis","Isaac Klementis",423
"167",407,1274339,"cedarbird","",NA
"168",406,1572028,"tomerler","Tom Erler",NA
"169",406,2721932,"estehr","",NA
"170",405,808591,"nettleman_","José Manuel Álvarez Guerrero",NA
"171",398,1641700,"fernslu","fernslu九妹",NA
"172",398,2724050,"tammor","Tammo Reichgelt",NA
"173",397,826754,"shanafelt_ben","Ben Shanafelt",NA
"174",397,3836989,"t_e_d","T. E. D.",NA
"175",392,1749181,"bpagnier","Blake Pagnier",NA
"176",390,2454451,"beccn","Beccn",205
"177",389,448304,"passiflora4","",NA
"178",384,611052,"mbeug","Matt Benotsch",279
"179",384,3920526,"bacchusrock","Jo Roberts",NA
"180",384,5286239,"inaminette","Justine Minette",NA
"181",382,707757,"mhays","",NA
"182",381,3690594,"shannon_forsberg","Shannon Forsberg",NA
"183",380,1436999,"colincroft","Colin Croft",NA
"184",371,4540427,"elschongar","",NA
"185",370,4867841,"d_pinto","",NA
"186",369,226643,"janelmay","Janel",NA
"187",369,5626959,"ecologyquail","",NA
"188",368,552664,"sterrett","Tim Sterrett",NA
"189",366,776526,"quercusboletus","kevin mason",NA
"190",365,34728,"cosmiccat","Cosmic Cat",NA
"191",363,187480,"wdvanhem","William Van Hemessen",NA
"192",361,1462045,"dionaea","",NA
"193",359,264427,"pdfuenteb","Pablo de la Fuente Brun",NA
"194",355,6503302,"mikky4","Mikky Cecil",NA
"195",352,3403808,"sbbrown","Stephen B. Brown",NA
"196",348,2032840,"ghostburglar","",NA
"197",345,116131,"ipfingsten","Ian Pfingsten",NA
"198",342,236267,"rammberg","Tynan Ramm-Granberg",NA
"199",335,1467267,"charlescrussell","Charlie Russell",NA
"200",334,1101184,"thenoibatfan","Gavin Gannon",NA
"201",333,3373525,"giantcicada","",NA
"202",328,232380,"dnewberry","Daniel Newberry",356
"203",324,2413043,"pualanid","Pualani D",383
"204",324,5816422,"micacious","Micah",NA
"205",322,199809,"eknuth","",NA
"206",318,282658,"pgugger","Paul Gugger",NA
"207",317,290522,"matt_g","Matt Guilliams",NA
"208",315,2015364,"jey42","",NA
"209",310,1010243,"tuq","Jaxon Lane",NA
"210",302,1381083,"dysm","10423",NA
"211",302,5639435,"sabeaumont","Sam Beaumont",NA
"212",300,1317088,"mercantour","",NA
"213",298,19344,"brownsbay","Neil Gilham",NA
"214",296,3142435,"rhiannon_cochrane","Rhiannon Cochrane",NA
"215",294,2409089,"tanyaharvey","Tanya Harvey",NA
"216",294,3719426,"machaut2","",NA
"217",289,9815,"yiabek","",NA
"218",289,19674,"proteamedicine","M. A. K. Johnson",NA
"219",289,190336,"rmogburn","Matt Ogburn",NA
"220",288,2118269,"douggoldman","Douglas Goldman",NA
"221",288,2296918,"peakaytea","",NA
"222",287,11060,"john8","John Oliver",NA
"223",287,83288,"bobmcd","Bob McDougall",NA
"224",287,567145,"baldeagle","Cliff Tyllick",NA
"225",282,2001592,"anna_r14","Anna",252
"226",280,2014131,"autumnthevegan","Autumn",NA
"227",278,2687135,"boleynp","Tern",NA
"228",276,20600,"danielatha","Daniel Atha",NA
"229",275,4169111,"sprcrkwild","",NA
"230",274,2659036,"claire146963","Claire Jones",NA
"231",272,880519,"rustlers","",NA
"232",270,231737,"deboas","Ben P",341
"233",268,2885399,"andyneill","Andy Neill",258
"234",259,986428,"williammcfarland","Will McFarland",NA
"235",258,86246,"dbarber","Deborah Barber",290
"236",257,3767753,"growbadlands","",NA
"237",254,771325,"roman_romanov","",NA
"238",254,1106562,"outnabout---","Mark Pollock",234
"239",254,6327231,"secretsoftheordunes","Dina Pavlis",NA
"240",251,1894366,"krhrrmn","",NA
"241",251,3831969,"grinnin","",NA
"242",251,5252327,"kddrop","Kay",468
"243",248,6987941,"digitaldarling","Gwendy",423
"244",247,1443386,"boattailedgrackle","Mieke A Lee",NA
"245",244,785998,"inatural156","inatural156",NA
"246",243,71302,"ericlopresti","",NA
"247",241,300278,"kathawk","Kate Turner",NA
"248",240,5160652,"radim-paulic","Radim Paulič",NA
"249",239,107253,"michaelkauffmann","Michael Kauffmann",NA
"250",238,442526,"milkweedguy","Mark Fishbein",NA
"251",234,571686,"macurqcron","Mackenzie Urquhart-Cronish",NA
"252",234,1311736,"frankfrank","",NA
"253",231,4047386,"beanpole_afficionado","Fair use",NA
"254",228,471229,"mattsson","",345
"255",228,2669282,"subaya","Subbaiah Mechanda",NA
"256",227,1740953,"bekawestberg","Beka Westberg",226
"257",225,1349560,"walterfertig","Walter Fertig",NA
"258",221,1900476,"ladystacia","",NA
"259",219,1430839,"lern","lern",NA
"260",218,749022,"tstou10","Thomas Stoughton",NA
"261",214,5759354,"stephen_meyers","Stephen Meyers",NA
"262",212,91922,"avocat","",NA
"263",212,115129,"aguilita","Roberto R. Calderón",NA
"264",212,6571595,"comradejon","",NA
"265",211,1101627,"kludgecrick","Wes Messinger",NA
"266",210,1310515,"smmckee","Steve McKee",NA
"267",209,972936,"e16","earl woolsey",NA
"268",209,4470469,"cdlew","",NA
"269",208,1716369,"sciencegirl02","Mallory F",NA
"270",208,5250157,"hornad","",NA
"271",207,668716,"luck","lucky",NA
"272",207,3407564,"ken_mateik","Ken Mateik",NA
"273",207,4036733,"charcork","",NA
"274",206,924957,"benstemon","Ben Stone",NA
"275",204,507072,"flumehead","",NA
"276",204,3135146,"iacomaner","",NA
"277",202,5431621,"m_whitson","M. Whitson",NA
"278",201,436984,"yerbasanta","yerbasanta",NA
"279",201,5493691,"bugdragon","",NA
"280",200,105240,"viktoria","Viktoria",NA
"281",200,4071665,"thomasfriedrich","Thomas Friedrich",NA
"282",199,1017876,"brandtmagic","Brandt Magic",NA
"283",198,2520104,"amongsttheflora","Ben Johantgen",NA
"284",195,514637,"dataecologist","",NA
"285",195,4305433,"staczekf","Fiona Staczek",NA
"286",194,916839,"leshell","Leshell",NA
"287",189,276276,"cgbc","Cole Gaerber",NA
"288",187,52839,"glmory","Jesse Rorabaugh",259
"289",186,51931,"hawnzd","Zach Hawn",NA
"290",186,3422482,"natalia_gamova","Наталья Гамова",NA
"291",185,36026,"dhwilken","Dieter Wilken",NA
"292",185,71307,"philkahler","Phil Kahler",NA
"293",183,705929,"haida_gwaii","Corinne Helmer",NA
"294",182,18701,"apgarm","Mark Apgar",NA
"295",182,1128020,"leaf0605","葉子",NA
"296",180,747374,"mwtreftig","Malte W. Treftig",NA
"297",180,2243739,"maxbird1","Max Ramey",NA
"298",180,2740046,"bgaudubon","",NA
"299",178,395895,"wildlander","Jared Gorrell",NA
"300",178,489156,"chrisadlam","Chris Adlam",192
"301",178,1781429,"alyssa209","Alyssa Marshall",NA
"302",178,5138026,"dustin777","Dustin Snider",NA
"303",177,4279650,"rachel1416","Rachel Zitomer",NA
"304",177,5710664,"mkcollier22","Makenzie Collier",NA
"305",176,2694212,"motile_liriodendron","Leslie Harris",NA
"306",176,7138390,"jacob_rose","",NA
"307",175,3788962,"andrew_dudley","Andrew Dudley",NA
"308",174,670553,"rojosmojo","Robert Johnson",NA
"309",174,4321923,"dagowen","David Gowen",NA
"310",171,382370,"hendre17","Drew T Henderson",NA
"311",171,675980,"bri-k","Brian Keller",NA
"312",170,2045841,"aphili8","Adele Philippides",NA
"313",169,2035951,"lomatiumlarry","Lomatium Larry",NA
"314",167,771807,"lemna","Laura Holloway",NA
"315",167,1748558,"mbstevens","",266
"316",164,982399,"tylercpedersen","",NA
"317",164,5288062,"jprange7","Julia Prange",294
"318",163,1234538,"jenlangevin","Jen",NA
"319",162,168410,"baxt","",NA
"320",162,1507849,"gail61","Gail Langellotto",NA
"321",160,517807,"kemper","Yann Kemper",NA
"322",159,3999234,"jen_hayes","Jen Hayes",NA
"323",159,5360968,"amycampion","Amy Campion",NA
"324",158,477,"loarie","Scott Loarie",NA
"325",157,994488,"ficuscarica","Joseph Ycaza",419
"326",157,3114958,"risaaskerooth","Risa Askerooth",NA
"327",156,267639,"etantrah","Nate Hartley",445
"328",154,1234247,"gaertnerneuwirth","Stefan Neuwirth",NA
"329",153,720427,"neighborhood-naturalist","Don Boucher",NA
"330",153,901675,"ik8","Ima Koe",NA
"331",153,3113652,"data_nerd","Andrew Sebastian",NA
"332",153,4587052,"susan_nelsen_murphy","Susan Langenes",NA
"333",153,5690236,"asher_g_","Asher G. Whitney",360
"334",153,5798108,"egor_myers","Egor",NA
"335",150,210708,"brenneispcc","",NA
"336",149,3225266,"scott_mt","Scott Mincemoyer",NA
"337",148,355160,"barbaraparris","Barbara Parris",NA
"338",148,6418031,"kallummcdonald","",NA
"339",147,170217,"themerekat","Katie Pearson",NA
"340",147,547587,"johnwampler","John Wampler",NA
"341",147,1498042,"wildlandpixie","",NA
"342",147,6929833,"halchar42","Hal Charney",NA
"343",146,1115,"jon_sullivan","Jon Sullivan",NA
"344",145,1515825,"matthewlewis118","",NA
"345",144,6971,"silversea_starsong","James Bailey",NA
"346",144,47203,"robertarcher397","Robert Archer",NA
"347",144,356082,"neal_demitri","Neal Robinson",NA
"348",144,3360661,"cacunningham","Casey Cunningham",354
"349",143,3363506,"tatiana_moscow","Татьяна",NA
"350",143,4574862,"a_sinclair","Audrey Hewitt",NA
"351",142,986243,"amwolf","",NA
"352",142,5346162,"belgianferns","",NA
"353",142,5863134,"a283df5ee37544c57ae99dfd894ec4f42","283df5ee37544c57ae99dfd894ec4f42",NA
"354",141,551836,"pmmgarak","Martin Bohnet",NA
"355",141,1649065,"csal88","Cris Salazar",NA
"356",140,773740,"ashleyduval","Ashley Duval",NA
"357",140,1356469,"ken130","Ken Rawles",229
"358",140,2697993,"sredmond","Sonia Redmond",NA
"359",138,1344765,"samquandt","",NA
"360",138,1719640,"mushroomfriends","Mushroom",NA
"361",138,3905853,"arkstorm","Will",NA
"362",138,6639828,"monroeal","Allison Monroe",NA
"363",137,478967,"kisa_varius","",NA
"364",137,1967113,"bryn12","Bryn Swain",NA
"365",137,3425474,"mikejolliffe","Mike Jolliffe",NA
"366",136,321317,"kevinfaccenda","Kevin Faccenda",NA
"367",136,1498364,"thisisdan","Dan",NA
"368",135,745432,"duncanwt","Duncan Thomas",NA
"369",135,816767,"jeaniet","",199
"370",135,1490864,"dgrimmphd","",NA
"371",135,1804733,"janeyair","",NA
"372",134,2477443,"gabrielmayrhofer","Gabriel Mayrhofer",NA
"373",133,2214760,"sydneyfbarnes","",NA
"374",133,2243660,"rmostow","Rebecca Mostow",NA
"375",132,3051485,"dangavin","Dan Gavin",208
"376",131,2091649,"ry_folk","",NA
"377",131,3402463,"monolith_of_phobos","Marshall",359
"378",131,6558236,"alexandrebot","LD",NA
"379",130,205067,"danielcahen","Daniel Cahen",NA
"380",130,1597614,"david2222","",282
"381",129,443480,"alexadinicola","Alexa DiNicola",NA
"382",128,3396573,"steveansell","Steve Ansell",NA
"383",128,5711610,"selenesol","Gaia Faas",303
"384",127,46945,"abe","T. Abe Lloyd",288
"385",126,993211,"sean_c","Sean C",NA
"386",124,5288451,"midgard_serpent","Donatello Nobody",NA
"387",124,6263464,"jblowers","",NA
"388",123,30962,"patrickhoffman","Patrick Hoffman",NA
"389",123,719300,"f_rivadavia","Fernando Rivadavia",NA
"390",123,4043303,"ckthurman","",NA
"391",122,2603940,"sheilatoner","Sheila Toner",NA
